group,image,label,nuc_area,nuc_mean,nuc_integrated,cell_area,cell_mean,cell_integrated,cyto_area,cyto_mean,cyto_integrated,saturated_px,flag_saturated,flag_area_outlier,flag_no_cyto,keep
control,PB154766,1,109744.0,0.8384037598905636,92009.78222543001,193996.0,0.6851051148182264,132907.65185427666,84252.0,0.4854231309505608,40897.869628846645,38.0,True,False,False,False
control,PB154766,2,124160.0,1.07701540622985,133722.2328374982,157328.0,0.9640025964678682,151664.60049709678,33168.0,0.5409541624336285,17942.36765959859,21215.0,True,False,False,False
control,PB154766,4,60976.0,0.7141605874450696,43546.655980050564,62736.0,0.7134526563502869,44759.1658487916,1760.0,0.6889260617846792,1212.5098687410355,0.0,False,False,True,False
control,PB154766,6,73972.0,0.45016667035665714,33299.72893962264,310452.0,0.3159928657664086,98100.61716291308,235232.0,0.27355861939148274,64349.74115669727,0.0,False,True,False,False
control,PB154766,7,58528.0,0.49473561379985204,28955.88600447774,102116.0,0.38212331193814647,39020.90412187576,43588.0,0.23091259331462843,10065.018117398024,1.0,True,False,False,False
control,PB154766,8,71328.0,0.44900885587553974,32026.903671890497,166304.0,0.31860377769562426,52985.0826458931,94976.0,0.22066815799783734,20958.1789740026,17.0,True,False,False,False
control,PB154766,9,64736.0,0.5010631406514938,32436.823473215103,227696.0,0.33999264126118817,77414.9644446075,162960.0,0.2760072470016715,44978.14097139239,0.0,False,False,False,True
control,PB154766,10,54752.0,0.6310535527070117,34551.4441178143,106240.0,0.43775821716317076,46507.43299141526,51904.0,0.23423028469967636,12157.488697052002,0.0,False,False,False,True
control,PB154766,11,50384.0,0.6242666888997437,31453.052853524685,55248.0,0.6148297564576164,33968.11438477039,5200.0,0.5119478882734592,2662.129019021988,0.0,False,False,False,True
control,PB154766,12,81008.0,0.49096242235629495,39771.88391023874,81584.0,0.4904289400323007,40011.15464359522,576.0,0.41540057874388164,239.27073335647583,0.0,False,False,True,False
control,PB154766,13,49632.0,0.5030315825247298,24966.463503867388,157152.0,0.32299651626957954,50759.54852479696,106960.0,0.23864369358987217,25525.32946637273,0.0,False,False,False,True
control,PB154766,14,62464.0,0.46702631292759716,29172.33161070943,155184.0,0.31213412636374216,48438.22226563096,92720.0,0.20778570594177664,19265.89065492153,0.0,False,False,False,True
control,PB154766,16,53104.0,0.5468800755806378,29041.519533634186,129200.0,0.4580952487290828,59185.9061357975,76096.0,0.3961362831444927,30144.386602163315,0.0,False,False,False,True
control,PB154766,17,46304.0,0.4457303946271395,20639.100192815065,159464.0,0.2790366529122123,44496.30081999302,112600.0,0.20997370086094203,23643.038716942072,0.0,False,False,False,True
control,PB154766,18,59200.0,0.5739673763191377,33978.86867809296,140684.0,0.38446141546823814,54087.569773733616,81484.0,0.24678097657995016,20108.70109564066,0.0,False,False,False,True
control,PB154766,19,59776.0,0.4652856732693718,27812.91640534997,71344.0,0.46319296433276846,33046.038847357035,12128.0,0.45154281959212866,5476.311316013336,0.0,False,False,False,True
control,PB154766,20,50608.0,0.44564794772576954,22553.351338505745,173280.0,0.27588309730237154,47805.02310055494,121968.0,0.20461885564182666,24956.952584922314,0.0,False,False,False,True
control,PB154766,21,48208.0,0.5319145731219928,25642.537741065025,67920.0,0.47197465566025326,32056.5186124444,20288.0,0.32445800944293146,6582.604095578194,0.0,False,False,False,True
control,PB154766,22,39424.0,0.6965988506237952,27462.713086992502,49696.0,0.6461978307928163,32113.4473990798,10560.0,0.4563957555247753,4819.539178341627,0.0,False,False,False,True
control,PB154766,23,39588.0,0.3813059466094986,15095.139814376831,153764.0,0.26054074752579953,40061.78750255704,114176.0,0.21866808863666803,24966.64768818021,0.0,False,False,False,True
control,PB154766,24,53920.0,0.6543390387000422,35281.960966706276,75224.0,0.6053539725563494,45537.14723157883,21304.0,0.4813737450653657,10255.186264872551,0.0,False,False,False,True
control,PB154766,25,43920.0,0.9107608450010066,40000.61631244421,100948.0,0.6975756092514039,70418.86260271072,57028.0,0.5333914268476277,30418.246290266514,2510.0,True,False,False,False
control,PB154766,26,56240.0,0.5350465056222796,30091.015476197004,126592.0,0.3716199356722161,47044.110896617174,70240.0,0.24100103055069685,16927.912385880947,0.0,False,False,False,True
control,PB154766,27,47664.0,0.5675333199641796,27050.908162772655,158016.0,0.37123613295350155,58661.2487847805,109760.0,0.286027874945834,31394.419554054737,0.0,False,False,False,True
control,PB154766,28,44928.0,0.6604795976053722,29674.02736121416,116768.0,0.5013933851130696,58546.70279288292,71552.0,0.40153407313559397,28730.56600099802,0.0,False,False,False,True
control,PB154766,29,52548.0,0.32795137992059115,17233.189112067223,86356.0,0.29496050349916964,25471.609240174294,33872.0,0.2435333330068081,8248.961055606604,0.0,False,False,False,True
control,PB154766,30,42544.0,0.46528920568820004,19795.263966798782,70816.0,0.4179904725818385,29600.413306355476,28640.0,0.34507867824182165,9883.053344845772,0.0,False,False,False,True
control,PB154766,31,39808.0,0.5070512698127789,20184.696948707104,243040.0,0.3373961394555852,82000.75773328543,203232.0,0.3041649975622851,61816.06078457832,1.0,True,True,False,False
control,PB154766,32,36624.0,0.3382663772636337,12388.66780090332,111544.0,0.21796062968568192,24312.200477659702,74904.0,0.15908090481547532,11915.796094298363,0.0,False,False,False,True
control,PB154766,33,51208.0,0.5334012517401472,27314.41129910946,182864.0,0.3676198174457768,67224.43029740453,131656.0,0.30313862640741834,39910.01899829507,0.0,False,False,False,True
control,PB154766,34,23024.0,1.1208430613553548,25806.29064464569,45488.0,0.873802608415626,39747.53305160999,22464.0,0.6206037396262599,13941.242406964302,3841.0,True,False,False,False
control,PB154766,35,48128.0,0.618291609505677,29757.13858228922,53992.0,0.6038579354188252,32603.497649133205,5768.0,0.48213445240226105,2780.9515214562416,0.0,False,False,False,True
control,PB154766,36,34248.0,0.8511385432966846,29149.792830824852,103120.0,0.5562473268998834,57360.22434991598,68968.0,0.410019334359424,28278.213452100754,0.0,False,False,False,True
control,PB154766,37,56128.0,0.4163430221962871,23368.501149833202,101808.0,0.3360690735704973,34214.52024206519,45680.0,0.23743474370035003,10846.019092231989,0.0,False,False,False,True
control,PB154766,38,45853.0,0.2779214060451099,12743.530231386423,214641.0,0.19288230993687386,41400.45188716054,167860.0,0.16931544881792074,28421.291238576174,0.0,False,False,False,True
control,PB154766,39,35104.0,0.5837764663888361,20492.8890761137,71632.0,0.46951233959152067,33632.10790961981,36528.0,0.3597026618896766,13139.218833506107,0.0,False,False,False,True
control,PB154766,40,38240.0,0.6258800771071821,23933.654148578644,142424.0,0.35910673967965373,51145.418292135,104328.0,0.2619432677333386,27328.017236083746,0.0,False,False,False,True
control,PB154766,41,34960.0,0.47513643275409323,16610.7696890831,40512.0,0.4558710811018214,18468.24923759699,5600.0,0.32347569222961153,1811.4638764858246,0.0,False,False,False,True
control,PB154766,42,33320.0,0.5716645296220304,19047.862127006054,50388.0,0.48663261545144954,24520.44422736764,17068.0,0.32063405790728766,5472.582100361586,4.0,True,False,False,False
control,PB154766,43,33424.0,0.34464589706918536,11519.444463640451,102768.0,0.21704547682717018,22305.329562574625,69344.0,0.1555417209698629,10785.885098934174,0.0,False,False,False,True
control,PB154766,44,44160.0,0.514949378873343,22740.16457104683,128816.0,0.36188591701289635,46616.696285933256,84672.0,0.2818151539390821,23861.852714329958,0.0,False,False,False,True
control,PB154766,45,41888.0,0.4777875966182572,20013.566847145557,89188.0,0.3864531085725835,34466.97984737158,47540.0,0.3052949855156591,14513.723611414433,0.0,False,False,False,True
control,PB154766,46,33552.0,0.5008246305837879,16803.668005347252,78348.0,0.3632900209674921,28463.04656276107,44796.0,0.26027722469447756,11659.378557413816,0.0,False,False,False,True
control,PB154766,47,42832.0,0.4348609304082708,18625.963371247053,136576.0,0.3007764550342269,41078.845122754574,93328.0,0.2388148378011126,22288.111182302237,0.0,False,False,False,True
control,PB154766,48,43960.0,0.5769769362739209,25363.90611860156,57828.0,0.517049755543695,29899.9532635808,14608.0,0.32955347293496196,4814.1171326339245,2.0,True,False,False,False
control,PB154766,50,27104.0,0.8408153903205497,22789.46033924818,31232.0,0.8253909383908098,25778.60978782177,4144.0,0.7242146261956931,3001.1454109549522,0.0,False,False,False,True
control,PB154766,51,44384.0,0.9709326124252522,43093.87306988239,51664.0,0.9536811003860083,49270.98037034273,7408.0,0.8475239545541371,6278.457455337048,4.0,True,False,False,False
control,PB154766,52,29504.0,0.3305099340541583,9751.365094333887,53760.0,0.25134562971846514,13512.341053664684,24704.0,0.15593819556531008,3852.2971832454205,0.0,False,False,False,True
control,PB154766,53,65116.0,0.7557653173290766,49212.41440320015,115784.0,0.6745960768632674,78107.43216353655,50540.0,0.5701093656605395,28813.327340483665,0.0,False,False,False,True
control,PB154766,54,28400.0,0.48089920675250847,13657.53747177124,81088.0,0.3681747869617102,29854.557125151157,51920.0,0.3060536154590329,15890.303714632988,0.0,False,False,False,True
control,PB154766,55,39008.0,0.6828226836687038,26635.547244548798,135308.0,0.48846446204000293,66093.14942970872,95420.0,0.408816692875544,39009.28883418441,0.0,False,False,False,True
control,PB154766,57,30752.0,0.5565822880974856,17116.018523573875,88072.0,0.3802080825982973,33485.68625059724,57624.0,0.28705056584460215,16541.001806229353,0.0,False,False,False,True
control,PB154766,59,35168.0,0.5536447597186236,19470.578909784555,232092.0,0.3514634358072243,81571.8517433703,196924.0,0.3153565478742344,62101.27283358574,0.0,False,False,False,True
control,PB154766,60,32832.0,0.3337115695287944,10956.418250769377,227760.0,0.22113325948770376,50365.31118091941,192988.0,0.20129516777863,38847.55183926225,0.0,False,False,False,True
control,PB154766,61,28480.0,0.5191621711163709,14785.738633394241,42944.0,0.46332298853780224,19896.94241976738,14464.0,0.35238363583514515,5096.87690871954,0.0,False,False,False,True
control,PB154766,62,28240.0,0.4401234470149529,12429.086143702269,184660.0,0.22373350215177035,41314.628507345915,156196.0,0.18449101063381765,28816.75789695978,0.0,False,False,False,True
control,PB154766,63,23120.0,0.43213901549680833,9991.05403828621,54880.0,0.3114345211758341,17091.526522129774,32016.0,0.22389396987594795,7168.189339548349,0.0,False,False,False,True
control,PB154766,64,24976.0,0.3622393789692214,9047.290729135275,41120.0,0.3253974535303183,13380.343289166689,16176.0,0.2640983762309825,4272.055333912373,0.0,False,False,False,True
control,PB154766,65,27680.0,0.6883195634866726,19052.685517311096,66036.0,0.5079988012939567,33546.208842247725,38484.0,0.3788584383589267,14579.988141804934,0.0,False,False,False,True
control,PB154766,67,29868.0,0.926204884285363,27663.88748383522,46320.0,0.8613333026580963,39896.95857912302,16452.0,0.7426715449509527,12218.432257533073,0.0,False,False,False,True
control,PB154766,68,30096.0,0.32339259028407025,9732.823397189379,173256.0,0.15967785028394416,27665.145628795028,142792.0,0.12507644609730095,17859.9158911258,0.0,False,False,False,True
control,PB154766,69,30416.0,0.45363954966716363,13797.900542676449,46192.0,0.40945673075088135,18913.62530684471,16208.0,0.32514339931831426,5269.9242161512375,0.0,False,False,False,True
control,PB154766,71,25392.0,0.5669300119746441,14395.486864060163,36000.0,0.496891541780697,17888.09550410509,11296.0,0.33795247916870935,3817.511204689741,0.0,False,False,False,True
control,PB154766,72,28544.0,0.5348662475088503,15267.222168892622,59760.0,0.4123608761139144,24642.685956567526,31392.0,0.30053984352732105,9434.546768009663,0.0,False,False,False,True
control,PB154766,75,29720.0,0.43175903488436906,12831.878516763449,89544.0,0.2561012383193952,22932.329284071922,60080.0,0.16975644825748137,10198.96741130948,0.0,False,False,False,True
control,PB154766,76,31152.0,0.5167035197845837,16096.348048329353,43792.0,0.46564133649036576,20391.365407586098,12640.0,0.33979567715638803,4295.017359256744,30.0,True,False,False,False
control,PB154766,77,29520.0,0.5470407233772885,16148.642154097557,85584.0,0.4384304158856884,37522.62871316075,56064.0,0.38124262555406674,21373.986559063196,0.0,False,False,False,True
control,PB154766,78,26352.0,0.41116083273918574,10834.910264343023,37824.0,0.36976774484581,13986.095181047916,11744.0,0.274534637834217,3224.1347867250443,0.0,False,False,False,True
control,PB154766,79,28168.0,0.5140817378354289,14480.654391348362,31020.0,0.5053602630787707,15676.275360703468,2852.0,0.41922193876406255,1195.6209693551064,0.0,False,False,False,True
control,PB154766,80,29328.0,0.32137323570053106,9425.234256625175,65384.0,0.26302766875407985,17197.801093816757,35880.0,0.21539240353631733,7728.279438883066,0.0,False,False,False,True
control,PB154766,82,25872.0,0.64197139434134,16609.083914399147,36652.0,0.5130928134423514,18805.87779828906,11660.0,0.22765186603594809,2654.4207579791546,0.0,False,False,False,True
control,PB154766,83,25552.0,0.4939165603294829,12620.555949538946,50080.0,0.38952151557353265,19507.237499922514,24528.0,0.28076816496997586,6886.681550383568,0.0,False,False,False,True
control,PB154766,85,25520.0,0.5313259223271687,13559.437537789345,158596.0,0.3347498252775519,53089.98328971863,132560.0,0.2967814586445123,39341.350157916546,0.0,False,False,False,True
control,PB154766,86,27888.0,0.4311602530157812,12024.197136104107,125168.0,0.3118555554111763,39034.336159706116,97280.0,0.27765356726564566,27010.13902360201,0.0,False,False,False,True
control,PB154766,87,25616.0,0.5246373293938803,13439.109829753637,89584.0,0.3406130015989125,30513.47513523698,63968.0,0.26692041810723083,17074.36530548334,0.0,False,False,False,True
control,PB154766,89,25680.0,0.47788415414011365,12272.065078318119,27904.0,0.4704727796013168,13128.072441995144,2128.0,0.3330720063663067,708.7772295475006,0.0,False,False,False,True
control,PB154766,91,26880.0,0.4571843340704661,12289.114899814129,55824.0,0.34362264785207713,19182.390693694353,29120.0,0.2384806515843413,6944.556574136019,0.0,False,False,False,True
control,PB154766,92,22692.0,0.8422453846462647,19112.23226839304,24888.0,0.8341228020144252,20759.648296535015,2196.0,0.7501894481520835,1647.4160281419754,15.0,True,False,False,False
control,PB154766,93,33780.0,0.6092729598989566,20581.240585386753,49856.0,0.5248566160841686,26167.25145149231,16076.0,0.3474751720642919,5586.0108661055565,12.0,True,False,False,False
control,PB154766,94,21696.0,0.8156064107854766,17695.3966884017,25360.0,0.7979676315884109,20236.4591370821,3344.0,0.7070655391582746,2364.4271629452705,0.0,False,False,False,True
control,PB154766,95,29744.0,0.5964753164270028,17741.56181180477,33584.0,0.5739836020873467,19276.66529250145,4256.0,0.39854013529094984,1696.1868157982826,0.0,False,False,False,True
control,PB154766,96,34500.0,0.5582596840495648,19259.959099709988,40060.0,0.540414864948197,21649.019489824772,5560.0,0.4296871205242418,2389.0603901147842,3.0,True,False,False,False
control,PB154766,99,27648.0,0.6790891041617013,18775.455551862717,69856.0,0.6174190685816836,43130.42645484209,42240.0,0.5768782814823542,24367.338609814644,0.0,False,False,False,True
control,PB154766,100,24064.0,0.21866983020222408,5262.0707939863205,151312.0,0.22212217108303092,33609.749950915575,127184.0,0.22268000166712767,28321.333332031965,0.0,False,False,False,True
control,PB154766,101,21224.0,0.5178146536760047,10990.098209619522,21592.0,0.5158001258665652,11137.156317710876,368.0,0.39961442416128906,147.05810809135437,0.0,False,False,True,False
control,PB154766,102,13760.0,0.5678712042178525,7813.907770037651,23504.0,0.5137794853382731,12075.87302339077,9744.0,0.43739380678911316,4261.965253353119,0.0,False,False,False,True
control,PB154766,103,16464.0,0.5513542627026956,9077.49658113718,25360.0,0.47201186240495,11970.220830589533,8896.0,0.3251713409905972,2892.7242494523525,0.0,False,False,False,True
control,PB154766,104,17616.0,0.4314587297633656,7600.576983511448,26000.0,0.3968046299654704,10316.92037910223,8976.0,0.3289945832455328,2953.0553792119026,0.0,False,False,False,True
control,PB154766,105,31184.0,0.448826562911425,13996.207537829876,168336.0,0.3802270283721612,64005.897048056126,137152.0,0.3646296773669086,50009.68951022625,0.0,False,False,False,True
control,PB154766,106,22708.0,0.7970820435083141,18100.139043986797,88416.0,0.5694625667143658,50349.60229861736,65792.0,0.49113428456335534,32312.706849992275,0.0,False,False,False,True
control,PB154766,107,18688.0,0.29686978883715986,5547.902613788843,27484.0,0.26641885308854324,7322.2557582855225,8460.0,0.19275371411167982,1630.6964213848114,0.0,False,False,False,True
control,PB154766,108,24544.0,0.7193403047481564,17655.48843973875,25168.0,0.7092469614555672,17850.327525913715,1344.0,0.5016922630990545,674.2744016051292,0.0,False,False,True,False
control,PB154766,109,16768.0,0.2713296586498334,4549.655716240406,48768.0,0.1871812198631309,9128.453730285168,31440.0,0.14061746049966217,4421.012958109379,0.0,False,False,False,True
control,PB154766,111,29616.0,0.388190775817871,11496.658016622066,56612.0,0.3236201216294253,18320.782325685024,27108.0,0.250282093645092,6784.646994531155,0.0,False,False,False,True
control,PB154766,112,25024.0,0.5563868407071914,13923.024301856756,93888.0,0.34547289229939604,32435.758912205696,68864.0,0.26883037015492767,18512.73461034894,0.0,False,False,False,True
control,PB154766,113,15696.0,0.308565946842689,4843.251101642847,16096.0,0.3040957591805615,4894.725339770317,976.0,0.21807802416628502,212.84415158629417,0.0,False,False,True,False
control,PB154766,114,19664.0,0.9965857146466962,19596.861492812634,48460.0,0.6035422667024601,29247.658244401217,28860.0,0.33607613761662114,9699.157331615686,31.0,True,False,False,False
control,PB154766,115,17664.0,0.38098083450492687,6729.645460695028,46656.0,0.29850894442998355,13927.233311325312,28880.0,0.24798361295601998,7161.766742169857,0.0,False,False,False,True
control,PB154766,116,25712.0,0.5239228136204623,13471.103383809328,35632.0,0.48889867624089783,17420.437631815672,9920.0,0.39811837177483306,3949.334248006344,0.0,False,False,False,True
control,PB154766,117,24256.0,0.4427197215486426,10738.609565883875,64912.0,0.3562603029868955,23125.56878748536,40656.0,0.30467727325859617,12386.959221601486,0.0,False,False,False,True
control,PB154766,118,28368.0,0.5292515152066241,15013.80698338151,69840.0,0.3848935421056969,26880.96498066187,41472.0,0.28614867856096543,11867.15799728036,0.0,False,False,False,True
control,PB154766,119,25432.0,0.49585245550381907,12610.519648373127,54637.0,0.4206409106680124,22982.557436168194,29205.0,0.3551459608900896,10372.037787795067,0.0,False,False,False,True
control,PB154766,120,14320.0,0.5336366199955926,7641.676398336887,14832.0,0.5306373089471552,7870.412566304207,512.0,0.4467503280611709,228.7361679673195,0.0,False,False,True,False
control,PB154766,121,30400.0,0.5013580036829961,15241.283311963081,146060.0,0.3658216199402889,53431.905808478594,115660.0,0.33019732402313257,38190.62249651551,0.0,False,False,False,True
control,PB154766,122,12016.0,0.5719675303656315,6872.761844873428,12784.0,0.56196304255903,7184.135536074638,768.0,0.40543449375157553,311.37369120121,0.0,False,False,True,False
control,PB154766,123,21168.0,0.867770225018015,18368.960123181343,22416.0,0.8498597006013698,19050.455048680305,1648.0,0.6321478956966724,1041.7797321081161,4.0,True,False,True,False
control,PB154766,124,11424.0,0.43883041647218524,5013.198677778244,23744.0,0.3739838079170316,8879.871535182,12320.0,0.3138533163477074,3866.672857403755,0.0,False,False,False,True
control,PB154766,125,13936.0,0.3661514792450192,5102.687014758587,64752.0,0.263970578308437,17092.622886627913,51040.0,0.23649288547578556,12070.596874684095,0.0,False,False,False,True
control,PB154766,127,19664.0,0.6423762736855676,12631.687045753002,70244.0,0.5253869500712309,36905.28092080355,50580.0,0.47990497973607243,24273.593875050545,0.0,False,False,False,True
control,PB154766,128,21944.0,0.625407002624525,13723.931265592575,36964.0,0.5594274762785288,20678.677233159542,15148.0,0.45909830488329484,6954.42112237215,0.0,False,False,False,True
control,PB154766,130,16528.0,0.679560769966011,11231.78040599823,19136.0,0.6718490593677331,12856.50360006094,2608.0,0.6229766848399961,1624.7231940627098,0.0,False,False,False,True
control,PB154766,131,24816.0,0.6119745743204554,15186.761036336422,51904.0,0.4360089742443059,22630.609799176455,27088.0,0.2748024498981111,7443.848762840033,0.0,False,False,False,True
control,PB154766,132,24304.0,0.5014565692892037,12187.400460004807,81696.0,0.3534522105188573,28875.631790548563,57392.0,0.2907762637744591,16688.231330543756,0.0,False,False,False,True
control,PB154766,133,10512.0,0.3253586682826961,3420.1703209877014,10816.0,0.3148240141774467,3405.1365373432636,848.0,0.20492991260340754,173.7805658876896,0.0,False,True,True,False
control,PB154766,134,25456.0,0.742991127153375,18913.582132816315,83296.0,0.6346509710442285,52863.887284100056,57072.0,0.5843472938106312,33349.868752360344,0.0,False,False,False,True
control,PB154766,135,24208.0,0.6254116387056619,15139.964949786663,118528.0,0.4248288268566365,50354.11118966341,94304.0,0.3733420423091388,35207.64795792103,0.0,False,False,False,True
control,PB154766,136,24000.0,0.6702526515672604,16086.06363761425,27056.0,0.6687018798365705,18092.39806085825,3536.0,0.6154307247185868,2176.1630426049232,3.0,True,False,False,False
control,PB154766,138,24612.0,0.5516536720187881,13577.300175726414,26388.0,0.5391933136439349,14228.233160436153,1776.0,0.366516320219448,650.9329847097397,0.0,False,False,True,False
control,PB154766,139,20176.0,0.64935978427293,13101.483007490635,20608.0,0.6471390470150882,13336.241480886936,432.0,0.5434223921210678,234.75847339630127,0.0,False,False,True,False
control,PB154766,140,23872.0,0.567163135089859,13539.318360865116,24864.0,0.5595867114052886,13913.563992381096,1760.0,0.4283026060597463,753.8125866651535,0.0,False,False,True,False
control,PB154766,141,10304.0,0.6149985524449751,6336.945084393024,11024.0,0.5962730975137653,6573.314626991749,1024.0,0.4163337349309586,426.3257445693016,0.0,False,True,True,False
control,PB154766,142,16608.0,0.7224281028537565,11998.085932195187,191944.0,0.4757373373276511,91314.92747601867,174600.0,0.45153789020776064,78838.51563027501,0.0,False,False,False,True
control,PB154766,143,8448.0,0.3151996150387056,2662.806347846985,30256.0,0.285126987917596,8626.802146434784,21808.0,0.2734774302360509,5963.995798587799,0.0,False,False,False,True
control,PB154766,144,5584.0,0.35475027484333616,1980.9255347251892,191524.0,0.31259667359088505,59869.76531282067,185940.0,0.3113307506620172,57888.839778095484,0.0,False,False,False,True
control,PB154766,146,1088.0,0.25294137121561694,275.20021188259125,14672.0,0.22371430269309453,3282.336249113083,13584.0,0.22137338318834596,3007.1360372304916,0.0,False,False,False,True
treatment,PB154769,2,86824.0,1.1611767995216644,100818.01444166899,213960.0,0.8985201388018045,192247.3688980341,125456.0,0.7170335824142046,89956.16511535645,0.0,False,False,False,True
treatment,PB154769,3,45376.0,0.8928721246962423,40514.965530216694,45376.0,0.8868721756106833,40242.71184051037,1584.0,0.5767281703048884,913.5374217629433,6.0,True,False,True,False
treatment,PB154769,4,46864.0,0.9034811958744384,42340.74276345968,94144.0,0.703931173253336,66270.89637476206,46980.0,0.4993189638373495,23458.004921078682,19.0,True,False,False,False
treatment,PB154769,6,60976.0,0.9059157410083762,55239.11822372675,163480.0,0.6221289112181354,101705.63440594077,102424.0,0.4530103882357314,46399.13600465655,0.0,False,False,False,True
treatment,PB154769,7,57296.0,1.2333846031356561,70668.00422126055,57632.0,1.2311071103778997,70951.16498529911,1232.0,0.8893623547023767,1095.694420993328,3.0,True,False,True,False
treatment,PB154769,8,55664.0,1.0179870728575728,56665.23242354393,166176.0,0.6035356405360601,100293.13860172033,109712.0,0.3932804039707854,43147.57968044281,0.0,False,False,False,True
treatment,PB154769,9,54320.0,0.9622964256674885,52271.94184225798,188448.0,0.6718779777082265,126614.06114315987,134128.0,0.5542624903144898,74342.11930090189,1723.0,True,False,False,False
treatment,PB154769,11,46672.0,0.8418157530458753,39289.22482615709,64560.0,0.742916425295368,47962.68441706896,18224.0,0.48762897134180444,8886.550373733044,0.0,False,False,False,True
treatment,PB154769,12,43200.0,0.6874650922748777,29698.49198627472,73984.0,0.6172903923919605,45669.612390726805,30560.0,0.5212417374955032,15929.147497862577,0.0,False,False,False,True
treatment,PB154769,13,47776.0,1.11464026918646,53253.05350065231,47776.0,1.11464026918646,53253.05350065231,0.0,,0.0,0.0,False,False,True,False
treatment,PB154769,14,47392.0,0.9942416404270185,47119.099823117256,49808.0,0.9883741747158308,49228.9408942461,2416.0,0.8732785890433962,2109.841071128845,1395.0,True,False,False,False
treatment,PB154769,15,42048.0,0.974784547074654,40987.74063539505,73376.0,0.828684697881328,60805.56839174032,31328.0,0.6325915397199078,19817.827756345272,0.0,False,False,False,True
treatment,PB154769,16,49460.0,0.5589732768585747,27646.818273425102,174040.0,0.4827392709512761,84015.94271636009,124484.0,0.4523158662447544,56306.088293612,3.0,True,False,False,False
treatment,PB154769,17,52592.0,0.9708531909563601,51059.11101877689,52656.0,0.970583257266804,51107.03199464083,64.0,0.7487652478739619,47.92097586393356,20.0,True,False,True,False
treatment,PB154769,18,45072.0,0.9254602203314233,41712.34305077791,82640.0,0.751896927422787,62136.762082219124,38816.0,0.5362741366452602,20816.016888022423,8.0,True,False,False,False
treatment,PB154769,20,39760.0,1.189319633370194,47287.34862279892,40736.0,1.1772107363174444,47954.85655462742,976.0,0.6839220612996915,667.5079318284988,4367.0,True,False,True,False
treatment,PB154769,22,56992.0,0.7075801904499949,40326.41021412611,57728.0,0.7048802463123017,40691.326859116554,736.0,0.49581065895440785,364.9166449904442,0.0,False,False,True,False
treatment,PB154769,24,38352.0,0.9287752537526933,35620.388531923294,44880.0,0.8784415799374037,39424.458107590675,7104.0,0.5583461254063222,3966.4908748865128,0.0,False,False,False,True
treatment,PB154769,25,42384.0,1.0034172440678297,42528.836472570896,42480.0,1.0019770027062875,42563.98307496309,1012.0,0.7045028051839987,712.9568388462067,345.0,True,False,True,False
treatment,PB154769,26,71272.0,1.020966751313006,72766.34229958057,101516.0,0.9287963274190685,94287.68797427416,30244.0,0.7115905857258823,21521.345674693584,219.0,True,False,False,False
treatment,PB154769,28,42992.0,1.0642181141769904,45752.86516469717,43616.0,1.0580317290774488,46147.11189544201,896.0,0.6633615799115172,594.3719756007195,878.0,True,False,True,False
treatment,PB154769,29,50112.0,1.1550711692866333,57882.92643529177,53568.0,1.1258319623038404,60308.56655669212,3456.0,0.7018634610533439,2425.6401214003563,834.0,True,False,False,False
treatment,PB154769,30,67096.0,0.7700517277974074,51667.39072829485,113000.0,0.7016101794807257,79281.950281322,45504.0,0.6002414024300067,27313.384776175022,30.0,True,False,False,False
treatment,PB154769,31,59397.0,0.6437563065776324,38237.19334179163,260145.0,0.46124960201510473,119991.77771621943,200748.0,0.40724980759174584,81754.5843744278,0.0,False,False,False,True
treatment,PB154769,32,48336.0,0.9815678758826014,47445.06484866142,122952.0,0.7718834640354362,94904.61567008495,74360.0,0.6336751451514433,47120.08379346132,0.0,False,False,False,True
treatment,PB154769,34,44720.0,1.2844760550342647,57441.76918113232,44784.0,1.2873839886007925,57654.204545497894,1264.0,1.0008863365819938,1265.12032943964,198.0,True,False,True,False
treatment,PB154769,35,34800.0,0.9511631995867724,33100.47934561968,34816.0,0.9510994880778633,33113.47977691889,16.0,0.8125269562005997,13.000431299209595,1129.0,True,False,True,False
treatment,PB154769,36,42528.0,0.5760808403767012,24499.565979540348,98688.0,0.44239902434793293,43659.474914848804,56448.0,0.34198118592749716,19304.15398323536,24.0,True,False,False,False
treatment,PB154769,37,39152.0,1.0165471518476934,39799.85408914089,116308.0,0.7612097190534347,88534.78000366688,77156.0,0.6316414266489448,48734.925914525986,1344.0,True,False,False,False
treatment,PB154769,38,35856.0,0.965786594087952,34629.24411761761,47328.0,0.9308476569691447,44055.15790903568,11472.0,0.8216452049701949,9425.913791418076,178.0,True,False,False,False
treatment,PB154769,39,35824.0,1.280907723187482,45887.23827546835,48880.0,1.2166543826399867,59470.066223442554,13056.0,1.0403514053289067,13582.827947974205,18245.0,True,False,False,False
treatment,PB154769,40,42609.0,0.952439530386116,40582.495950222015,56829.0,0.9080092207615491,51601.25600665808,14140.0,0.7746141107787169,10953.043526411057,352.0,True,False,False,False
treatment,PB154769,41,40016.0,1.5184867426660693,60763.76549452543,41456.0,1.500302966415238,62196.559775710106,2160.0,0.9305945103367169,2010.0841423273087,2167.0,True,False,False,False
treatment,PB154769,42,39424.0,1.0989267512499779,43324.088241279125,53632.0,0.9986304264773475,53558.5470328331,14208.0,0.7203307144956345,10234.458791553974,92.0,True,False,False,False
treatment,PB154769,43,43104.0,0.8134322783272954,35062.18492501974,52320.0,0.7917593700076462,41424.85023880005,10192.0,0.6705802626837647,6834.55403727293,0.0,False,False,False,True
treatment,PB154769,45,39728.0,0.8099273923834005,32176.795444607735,92208.0,0.5831188527722078,53768.223176419735,52912.0,0.41290112298701803,21847.424219489098,0.0,False,False,False,True
treatment,PB154769,46,40136.0,0.927025664859864,37207.1020848155,80744.0,0.7659046788794321,61842.20739144087,40496.0,0.6064655676937443,24559.429629325867,0.0,False,False,False,True
treatment,PB154769,47,36464.0,0.866294951562677,31588.579113781452,114144.0,0.5368244000936393,61275.28432428837,77440.0,0.3821828390233034,29596.239053964615,0.0,False,False,False,True
treatment,PB154769,48,40752.0,0.5570955727180641,22702.758779406548,152256.0,0.4409428001978459,67136.18698692322,110528.0,0.3977412011800091,43961.53948402405,0.0,False,False,False,True
treatment,PB154769,49,35792.0,0.9236276539980992,33058.48099189997,35808.0,0.9235262659355878,33069.62853062153,16.0,0.6967211700975895,11.147538721561432,0.0,False,False,True,False
treatment,PB154769,50,36656.0,0.8642948081416888,31681.590487241745,36656.0,0.8642948081416888,31681.590487241745,0.0,,0.0,1.0,True,False,True,False
treatment,PB154769,51,33104.0,0.9847205730849213,32598.189851403236,34384.0,0.9811332379058246,33735.28525215387,1856.0,0.7915698531372793,1469.1536474227905,0.0,False,False,True,False
treatment,PB154769,52,38752.0,0.8800607935058662,34104.11586993933,39120.0,0.8785532643748085,34369.00370234251,368.0,0.7198038923999538,264.887832403183,404.0,True,False,True,False
treatment,PB154769,53,33200.0,0.7610373701388577,25266.440688610077,151568.0,0.6326171153971302,95884.51094651222,118368.0,0.5965976468125013,70618.07025790215,0.0,False,False,False,True
treatment,PB154769,54,35776.0,0.8247978716625537,29507.96865659952,67824.0,0.6551209463351008,44432.92306423187,32048.0,0.46570626583975133,14924.954407632351,0.0,False,False,False,True
treatment,PB154769,55,42964.0,0.9265629078226264,39808.84877169132,43924.0,0.9226065615985728,40524.57061165571,960.0,0.7455435832962394,715.7218399643898,14.0,True,False,True,False
treatment,PB154769,56,35196.0,0.9649061480629565,33960.836787223816,36620.0,0.9574117927994642,35060.41985231638,1424.0,0.7721791187447778,1099.5830650925636,0.0,False,False,True,False
treatment,PB154769,57,36000.0,0.8794586799359984,31660.512477695942,62304.0,0.7143372772074948,44506.06971913576,26304.0,0.488349955954981,12845.55724143982,0.0,False,False,False,True
treatment,PB154769,58,34768.0,0.6386072576111136,22203.097132623196,86284.0,0.6029527021659984,52025.170953691006,51516.0,0.5788895454046861,29822.07382106781,0.0,False,False,False,True
treatment,PB154769,59,43488.0,0.5620514025570409,24442.491394400597,90080.0,0.4744963475359111,42742.63098603487,46160.0,0.3928220099926098,18132.66398125887,0.0,False,False,False,True
treatment,PB154769,60,30912.0,0.5664822639218738,17511.099742352962,85776.0,0.4380104653446938,37570.785675406456,54736.0,0.3650745273472725,19982.71932888031,331.0,True,False,False,False
treatment,PB154769,61,32792.0,0.7509019781712004,24623.577668190002,33400.0,0.7452393162732353,24890.99316352606,688.0,0.4534379345213258,311.96529895067215,0.0,False,False,True,False
treatment,PB154769,63,39120.0,0.5698996846219392,22294.47566241026,138624.0,0.38580586508347287,53481.95224133134,99504.0,0.3134293754916494,31187.47657892108,0.0,False,False,False,True
treatment,PB154769,64,29072.0,0.9889691962984052,28751.312474787235,163808.0,0.6988571073167124,114478.38503533602,134736.0,0.636259593282781,85727.07256054878,107.0,True,False,False,False
treatment,PB154769,65,29792.0,0.8716857502262971,25969.261870741844,440121.0,0.532284330468426,234269.51181009412,408773.0,0.5068905847574865,207203.18500307202,0.0,False,True,False,False
treatment,PB154769,66,31472.0,0.8658278619422638,27249.334471046925,82640.0,0.569751390525918,47084.25491306186,51376.0,0.38962521253032445,20017.38491895795,0.0,False,False,False,True
treatment,PB154769,67,33248.0,0.822926019756724,27360.64430487156,33248.0,0.822926019756724,27360.64430487156,0.0,,0.0,0.0,False,False,True,False
treatment,PB154769,68,37200.0,0.9650311722197841,35899.159606575966,38320.0,0.9571748583046777,36678.94057023525,1120.0,0.69623300326722,779.7809636592865,1004.0,True,False,True,False
treatment,PB154769,69,28336.0,0.7637949106759402,21642.89258891344,74704.0,0.6480806666179219,48414.21811902523,46368.0,0.5773664063602439,26771.32553011179,0.0,False,False,False,True
treatment,PB154769,70,38708.0,0.9259504519785634,35841.69009518623,110092.0,0.7806908129574848,85947.81298011541,71384.0,0.701923720790782,50106.12288492918,92.0,True,False,False,False
treatment,PB154769,71,32992.0,0.7270722489869068,23987.56763857603,184944.0,0.5562898472492278,102882.4695096612,151952.0,0.5192093678996339,78894.90187108517,0.0,False,False,False,True
treatment,PB154769,72,33824.0,0.7951401963904007,26894.822002708912,43392.0,0.7583589357953068,32906.71094202995,9568.0,0.6283328740929182,6011.888939321041,0.0,False,False,False,True
treatment,PB154769,73,37744.0,0.659594712896575,24895.742843568325,197060.0,0.4362363606391916,85964.73722755909,158756.0,0.38270984531446106,60757.48420274258,0.0,False,False,False,True
treatment,PB154769,74,30784.0,1.1016212067278315,33912.307227909565,84128.0,1.0139638894907463,85302.75409507751,52912.0,0.963708890920225,50991.764836370945,0.0,False,False,False,True
treatment,PB154769,75,33632.0,0.5521491486543735,18569.880167543888,114704.0,0.43442762978837435,49830.58684724569,80912.0,0.38386991814173727,31059.682816684246,0.0,False,False,False,True
treatment,PB154769,76,25712.0,0.7673960029105259,19731.28602683544,25712.0,0.7673960029105259,19731.28602683544,0.0,,0.0,0.0,False,False,True,False
treatment,PB154769,77,30704.0,0.8291682424940996,25458.781717538834,30704.0,0.8291682424940996,25458.781717538834,0.0,,0.0,0.0,False,False,True,False
treatment,PB154769,78,31805.0,0.9178520059683023,29192.283049821854,99349.0,0.6795224692922559,67509.87780171633,67544.0,0.5672982759666954,38317.594751894474,0.0,False,False,False,True
treatment,PB154769,79,34248.0,0.7416497349175191,25400.020121455193,52608.0,0.7122210432591773,37468.5246437788,18488.0,0.6526021269951636,12065.308123886585,0.0,False,False,False,True
treatment,PB154769,80,29408.0,0.9282012686915736,27296.542909681797,44472.0,0.8521674100988459,37897.589061915874,15080.0,0.7036328450952032,10610.783304035664,0.0,False,False,False,True
treatment,PB154769,81,34800.0,0.8601527447861501,29933.315518558025,127992.0,0.6368818032683987,81515.77576392889,92712.0,0.5527465759503059,51246.24054950476,0.0,False,False,False,True
treatment,PB154769,82,26808.0,0.805593817125449,21596.359049499035,27544.0,0.79680322540852,21947.148040652275,752.0,0.4768265276513201,358.5735487937927,0.0,False,False,True,False
treatment,PB154769,83,33376.0,0.6985570322972217,23315.03950995207,124448.0,0.4819879359552504,59982.434653759,91072.0,0.40261985180743737,36667.395143806934,0.0,False,False,False,True
treatment,PB154769,84,27376.0,0.8823452648940245,24155.083971738815,27376.0,0.8863418660078183,24264.494923830032,1168.0,0.5762851320411244,673.1010342240334,0.0,False,False,True,False
treatment,PB154769,85,28512.0,0.9046058356678311,25792.121586561203,50944.0,0.7643965405140578,38941.41735994816,22432.0,0.5861847259890761,13149.295773386955,0.0,False,False,False,True
treatment,PB154769,86,37728.0,0.9051190447820583,34148.331321537495,133596.0,0.6427673981231238,85871.15331965685,95980.0,0.539680117476754,51798.497675418854,9.0,True,False,False,False
treatment,PB154769,87,19008.0,0.9517780176461094,18091.396559417248,23856.0,0.9248257310252754,22062.64263933897,4848.0,0.8191514191257678,3971.2460799217224,316.0,True,False,False,False
treatment,PB154769,88,23632.0,0.9765603781709941,23078.07485693693,26112.0,0.9674444661142451,25261.909899175167,2480.0,0.8805786460638046,2183.8350422382355,0.0,False,False,False,True
treatment,PB154769,91,29040.0,0.7011984646258768,20362.803412735462,95259.0,0.47198789363485116,44961.09475976229,66827.0,0.3724611015256462,24890.458031654358,0.0,False,False,False,True
treatment,PB154769,92,32512.0,0.7192513374410071,23384.299482882023,106416.0,0.5027611695634406,53501.8326202631,73904.0,0.40752236871321007,30117.533137381077,0.0,False,False,False,True
treatment,PB154769,93,33068.0,0.7323777013791434,24218.265829205513,137356.0,0.5438202602225277,74696.97566312551,104288.0,0.4840318141485118,50478.70983392,0.0,False,False,False,True
treatment,PB154769,94,29904.0,0.8011639891037844,23958.00793015957,92712.0,0.6727752418839362,62374.3382255435,62840.0,0.6116122203693505,38433.71192800999,0.0,False,False,False,True
treatment,PB154769,95,30048.0,0.8968904148688077,26949.763185977936,30048.0,0.8919174450869187,26800.335389971733,656.0,0.45798468426233385,300.437952876091,40.0,True,False,True,False
treatment,PB154769,96,28848.0,0.7321357274933187,21120.651466727257,84600.0,0.6469544962062621,54732.35037904978,55464.0,0.6021852120026338,33399.60059851408,0.0,False,False,False,True
treatment,PB154769,97,25280.0,0.8130259466888029,20553.29593229294,25616.0,0.8120451752354695,20801.349208831787,336.0,0.7382537992227645,248.05327653884888,25.0,True,False,True,False
treatment,PB154769,98,29312.0,0.9933890354734191,29118.21940779686,32960.0,0.9868193029923347,32525.56422662735,3648.0,0.9340309262144983,3407.34481883049,258.0,True,False,False,False
treatment,PB154769,99,26384.0,0.8362159342084277,22062.721208155155,236060.0,0.4482004341164464,105802.19447752833,209676.0,0.3993755759809095,83739.47326937318,0.0,False,False,False,True
treatment,PB154769,100,25664.0,0.7814765042112095,20055.81300407648,25664.0,0.7814765042112095,20055.81300407648,0.0,,0.0,0.0,False,False,True,False
treatment,PB154769,101,26520.0,0.5872160677659026,15572.970117151737,136448.0,0.32214790810660526,43956.437765330076,109544.0,0.2572765032782087,28183.0972751081,0.0,False,False,False,True
treatment,PB154769,102,22320.0,0.7110251354033588,15870.081022202969,24792.0,0.7041406297792385,17457.05449348688,3128.0,0.5997586626454693,1876.0450967550278,0.0,False,False,False,True
treatment,PB154769,103,23456.0,0.8177182511369333,19180.399298667908,166864.0,0.5496429026522287,91715.6133081615,143408.0,0.5057961481193071,72535.21400949359,0.0,False,False,False,True
treatment,PB154769,104,22660.0,0.5270149512382493,11942.158795058727,201456.0,0.39367869548122647,79308.93527686596,178796.0,0.376780109632247,67366.77648180723,0.0,False,False,False,True
treatment,PB154769,107,20928.0,0.8410813764894,17602.151047170162,21456.0,0.8331698459489055,17876.492214679718,528.0,0.5195855445256738,274.3411675095558,7.0,True,False,True,False
treatment,PB154769,108,35120.0,0.6989087934018132,24545.67682427168,152048.0,0.46639134218334355,70913.87079629302,116352.0,0.3958011874281038,46052.25975963473,3.0,True,False,False,False
treatment,PB154769,109,24336.0,0.7222464049748102,17576.58851146698,43024.0,0.6640778926750814,28571.287254452705,18688.0,0.5883293419833971,10994.698742985725,0.0,False,False,False,True
treatment,PB154769,110,26800.0,1.003381868425145,26890.634073793888,26992.0,1.002130934216687,27049.51817637682,192.0,0.827521367619435,158.88410258293152,0.0,False,False,True,False
treatment,PB154769,111,34992.0,0.6680578842748912,23376.681486546993,210016.0,0.38531711690653464,80922.75962424278,172976.0,0.3281561069003738,56763.13074719906,0.0,False,False,False,True
treatment,PB154769,112,33664.0,0.7983266445153,26874.86816096306,49408.0,0.7342870252477149,36279.6533434391,16736.0,0.5940124607051992,9941.392542362213,0.0,False,False,False,True
treatment,PB154769,113,29728.0,0.779735430327231,23179.974872767925,37328.0,0.7557156809118241,28209.35493707657,7600.0,0.6617605347774531,5029.380064308643,0.0,False,False,False,True
treatment,PB154769,114,23728.0,0.9499157663593,22539.60130417347,23728.0,0.9499157663593,22539.60130417347,0.0,,0.0,0.0,False,False,True,False
treatment,PB154769,115,30096.0,0.8880905214437679,26727.97233337164,232364.0,0.7211499564496249,167569.28848046064,202268.0,0.696310420566224,140841.316147089,29.0,True,False,False,False
treatment,PB154769,116,15024.0,0.9242491936340881,13885.919885158539,15024.0,0.9242491936340881,13885.919885158539,0.0,,0.0,38.0,True,False,True,False
treatment,PB154769,118,29024.0,0.739756378728194,21470.689136207104,30704.0,0.7305755159890919,22431.590642929077,1680.0,0.5719651825726032,960.9015067219734,0.0,False,False,True,False
treatment,PB154769,119,23872.0,0.9120770777018875,21773.10399889946,198528.0,0.5642964862182563,112028.652815938,174656.0,0.5167617992913988,90255.54881703854,0.0,False,False,False,True
treatment,PB154769,120,30592.0,0.9002949816338468,27541.824078142643,30992.0,0.8989360329604174,27859.825533509254,400.0,0.7950036384165287,318.0014553666115,0.0,False,False,True,False
treatment,PB154769,121,25360.0,0.842579158376726,21367.807456433773,108096.0,0.5619755073339122,60747.30444076657,82736.0,0.4759656858481532,39379.4969843328,0.0,False,False,False,True
treatment,PB154769,122,22176.0,0.7205453037941482,15978.81265693903,335980.0,0.47624808307767047,160009.83095243573,309684.0,0.4578964400734469,141803.20114770532,0.0,False,True,False,False
treatment,PB154769,123,28380.0,0.8704296456708969,24702.793344140053,64824.0,0.7547345898137936,48924.91505008936,36444.0,0.6646394936326777,24222.121705949306,0.0,False,False,False,True
treatment,PB154769,124,13632.0,0.516247116195414,7037.4806879758835,13648.0,0.5213226545602083,7115.011589437723,544.0,0.5371580946204417,292.2140034735203,0.0,False,True,True,False
treatment,PB154769,125,22768.0,0.9144294690000428,20819.730150192976,116560.0,0.48622870454609435,56674.81780189276,93968.0,0.38362227052053105,36048.21751627326,0.0,False,False,False,True
treatment,PB154769,126,26448.0,0.8287581631286138,21918.99589842558,26560.0,0.8281285378341394,21995.093964874744,112.0,0.6794470218675477,76.09806644916534,0.0,False,False,True,False
treatment,PB154769,128,14880.0,0.8259793650278802,12290.572951614857,16336.0,0.790707329184138,12916.994929552078,2352.0,0.5023025882994236,1181.4156876802444,2.0,True,False,False,False
treatment,PB154769,129,16592.0,0.8569555664497895,14218.606758534908,17040.0,0.8534626782220294,14543.004036903381,720.0,0.6150024202962716,442.8017426133156,0.0,False,False,True,False
treatment,PB154769,130,24224.0,0.8197250000423847,19857.018401026726,45328.0,0.7466834095105176,33845.665586292744,21104.0,0.66284340339585,13988.647185266018,0.0,False,False,False,True
treatment,PB154769,131,29888.0,1.0761848712096698,32165.013430714607,32048.0,1.0480931937411853,33589.2906730175,2704.0,0.7096575471247442,1918.9140074253082,0.0,False,False,False,True
treatment,PB154769,132,13792.0,0.8526401037518843,11759.612310945988,14912.0,0.8304299386657871,12383.371245384216,1120.0,0.5569276200341327,623.7589344382286,8.0,True,False,True,False
treatment,PB154769,133,20544.0,1.1109376100045731,22823.10225993395,35008.0,1.025171577719328,35889.20659279823,14784.0,0.8982396901694017,13279.575579464436,0.0,False,False,False,True
treatment,PB154769,134,21360.0,1.0951974195989778,23393.416882634163,21360.0,1.0951974195989778,23393.416882634163,0.0,,0.0,343.0,True,False,True,False
treatment,PB154769,135,15744.0,0.8081194095926859,12723.031984627247,17376.0,0.8006588635112041,13912.248412370682,1632.0,0.7286865366074968,1189.216427743435,0.0,False,False,True,False
treatment,PB154769,136,19152.0,0.6328025373382029,12119.434195101261,101012.0,0.45378975449885606,45838.210681438446,81844.0,0.41187851865569736,33709.785480856895,0.0,False,False,False,True
treatment,PB154769,137,20080.0,0.6276534582870416,12603.281442403793,22400.0,0.6223653968104295,13940.98488855362,2320.0,0.5765963129956146,1337.703446149826,0.0,False,False,False,True
treatment,PB154769,138,9984.0,0.8036174365999893,8023.316487014294,48572.0,0.6719649886879783,32638.683430552483,38572.0,0.6379649068209488,24607.582385897636,0.0,False,False,False,True
treatment,PB154769,139,12592.0,0.7991487854734309,10062.881506681442,56308.0,0.6410719921234581,36097.48173248768,43716.0,0.5955393957774324,26034.600225806236,0.0,False,False,False,True
treatment,PB154769,140,15408.0,0.963974408847923,14852.917691528797,15696.0,0.9590488176120713,15053.23024123907,288.0,0.695529686494006,200.31254971027374,0.0,False,False,True,False
treatment,PB154769,141,9952.0,1.166895087173514,11612.939907550812,13936.0,1.1213774315576603,15627.515886187553,4272.0,1.0103772991661275,4316.331822037697,0.0,False,True,False,False
treatment,PB154769,142,11604.0,0.8304558849075834,9636.610088467598,15860.0,0.7777559236763104,12335.208949506283,4644.0,0.6391975463566135,2968.433405280113,0.0,False,False,False,True
treatment,PB154769,143,13328.0,0.8299593904591194,11061.698756039143,26944.0,0.8262942155132915,22263.671342790127,13488.0,0.8072061909546066,10887.597103595734,4.0,True,False,False,False
treatment,PB154769,145,7488.0,0.6981248695037177,5227.559022843838,14704.0,0.7295869544586238,10727.846578359604,7216.0,0.7622349716623844,5500.287555515766,0.0,False,False,False,True
treatment,PB154769,146,7152.0,0.6476449406387021,4631.956615447998,99632.0,0.5538653016750859,55182.70773649216,92480.0,0.5466127932638858,50550.75112104416,0.0,False,False,False,True
